id,nombre,estatus_old,estatus_new,segundo_old,segundo_new,observaciones,action,actor,ts
C1000,Sebastian Toro,,PROPUESTA,,,Importación - creado,CLIENTE AGREGADO,VioletaAvila,2025-10-08T16:33:43.675566
C1001,Bandian Torres,,DISPERSADO,,,Creado por VioletaAvila,CLIENTE AGREGADO,VioletaAvila,2025-10-08T16:34:50.219072
C1002,Tatiana Avila,,DISPERSADO,,,Creado por VioletaAvila,CLIENTE AGREGADO,VioletaAvila,2025-10-08T16:50:23.898196
C1003,hola,,DISPERSADO,,,Creado por VioletaAvila,CLIENTE AGREGADO,VioletaAvila,2025-10-08T20:34:13.783643
C1004,hi,,DISPERSADO,,,Creado por VioletaAvila,CLIENTE AGREGADO,VioletaAvila,2025-10-08T21:00:53.037318
C1004,hi,,,,,Eliminado por VioletaAvila,CLIENTE ELIMINADO,VioletaAvila,2025-10-08T21:02:23.162406
C1000,Sebastian Toro,PROPUESTA,PROPUESTA,,,Subidos: buro_01. Investigación Cable UTP.pdf,DOCUMENTOS,VioletaAvila,2025-10-08T21:15:24.019583
C1004,SAUL TORRES,,DISPERSADO,,,Creado por VioletaAvila,CLIENTE AGREGADO,VioletaAvila,2025-10-08T21:16:04.523743
C1002,Tatiana Avila,,,,,Eliminado por VioletaAvila,CLIENTE ELIMINADO,VioletaAvila,2025-10-08T21:31:45.118394
C1005,VioletaAvila,,DISPERSADO,,,Creado por VioletaAvila,CLIENTE AGREGADO,VioletaAvila,2025-10-09T17:29:52.362620
C1005,VioletaAvila,DISPERSADO,DISPERSADO,,,Subidos: estado__Español_.png,DOCUMENTOS,VioletaAvila,2025-10-09T17:30:48.387541
C1003,hola,DISPERSADO,DISPERSADO,,,"Subidos: estado_CamScanner 02_28_2023 09.33 _1_.pdf, solic_01. Investigación Cable UTP.pdf",DOCUMENTOS,VioletaAvila,2025-10-09T17:37:32.351591
C1005,VioletaAvila,,,,,Eliminado por VioletaAvila,CLIENTE ELIMINADO,VioletaAvila,2025-10-09T17:37:42.874621
C-1000,Gabriela Ramírez,,,,,Importación - creado,CLIENTE AGREGADO,VioletaAvila,2025-10-13T17:58:12.207790
C-1001,Santiago García,,,,,Importación - creado,CLIENTE AGREGADO,VioletaAvila,2025-10-13T17:58:12.832393
C-1002,Felipe Reyes,,,,,Importación - creado,CLIENTE AGREGADO,VioletaAvila,2025-10-13T17:58:13.443810
C-1003,Alejandra Jiménez,,,,,Importación - creado,CLIENTE AGREGADO,VioletaAvila,2025-10-13T17:58:13.861599
C-1004,Rodrigo Martínez,,,,,Importación - creado,CLIENTE AGREGADO,VioletaAvila,2025-10-13T17:58:14.241563
C-1005,José Díaz,,,,,Importación - creado,CLIENTE AGREGADO,VioletaAvila,2025-10-13T17:58:14.677181
C-1006,Fernanda López,,,,,Importación - creado,CLIENTE AGREGADO,VioletaAvila,2025-10-13T17:58:15.056653
C-1007,Juan Ramírez,,,,,Importación - creado,CLIENTE AGREGADO,VioletaAvila,2025-10-13T17:58:15.363621
C-1008,Paula Martínez,,,,,Importación - creado,CLIENTE AGREGADO,VioletaAvila,2025-10-13T17:58:15.673089
C-1009,Alejandra González,,,,,Importación - creado,CLIENTE AGREGADO,VioletaAvila,2025-10-13T17:58:15.955852
C-1010,Héctor Hernández,,,,,Importación - creado,CLIENTE AGREGADO,VioletaAvila,2025-10-13T17:58:16.252961
C-1011,Isabel Martínez,,,,,Importación - creado,CLIENTE AGREGADO,VioletaAvila,2025-10-13T17:58:16.553189
C-1012,Ernesto Castillo,,,,,Importación - creado,CLIENTE AGREGADO,VioletaAvila,2025-10-13T17:58:16.847839
C-1013,Natalia Díaz,,,,,Importación - creado,CLIENTE AGREGADO,VioletaAvila,2025-10-13T17:58:17.137023
C-1014,Ricardo Gómez,,,,,Importación - creado,CLIENTE AGREGADO,VioletaAvila,2025-10-13T17:58:17.410363
C-1015,Andrés Reyes,,,,,Importación - creado,CLIENTE AGREGADO,VioletaAvila,2025-10-13T17:58:17.702515
C-1016,José Flores,,,,,Importación - creado,CLIENTE AGREGADO,VioletaAvila,2025-10-13T17:58:17.970245
C-1017,José Hernández,,,,,Importación - creado,CLIENTE AGREGADO,VioletaAvila,2025-10-13T17:58:18.261010
C-1018,Claudia Ortiz,,,,,Importación - creado,CLIENTE AGREGADO,VioletaAvila,2025-10-13T17:58:18.539316
C-1019,Ernesto Rivera,,,,,Importación - creado,CLIENTE AGREGADO,VioletaAvila,2025-10-13T17:58:18.841469
C-1020,Pablo González,,,,,Importación - creado,CLIENTE AGREGADO,VioletaAvila,2025-10-13T17:58:19.135134
C-1021,Daniel Torres,,,,,Importación - creado,CLIENTE AGREGADO,VioletaAvila,2025-10-13T17:58:19.444951
C-1022,María Hernández,,,,,Importación - creado,CLIENTE AGREGADO,VioletaAvila,2025-10-13T17:58:19.750442
C-1023,Claudia Rodríguez,,,,,Importación - creado,CLIENTE AGREGADO,VioletaAvila,2025-10-13T17:58:20.064352
C-1024,Miguel Gómez,,,,,Importación - creado,CLIENTE AGREGADO,VioletaAvila,2025-10-13T17:58:20.368359
C-1025,Claudia Hernández,,,,,Importación - creado,CLIENTE AGREGADO,VioletaAvila,2025-10-13T17:58:20.658529
C-1026,Valeria Rodríguez,,,,,Importación - creado,CLIENTE AGREGADO,VioletaAvila,2025-10-13T17:58:20.939030
C-1027,Paula Morales,,,,,Importación - creado,CLIENTE AGREGADO,VioletaAvila,2025-10-13T17:58:21.224492
C-1028,Santiago González,,,,,Importación - creado,CLIENTE AGREGADO,VioletaAvila,2025-10-13T17:58:21.514615
C-1029,Ana López,,,,,Importación - creado,CLIENTE AGREGADO,VioletaAvila,2025-10-13T17:58:21.851554
C-1030,Felipe Reyes,,,,,Importación - creado,CLIENTE AGREGADO,VioletaAvila,2025-10-13T17:58:22.145346
C-1031,Héctor García,,,,,Importación - creado,CLIENTE AGREGADO,VioletaAvila,2025-10-13T17:58:22.486150
C-1032,Sofía Morales,,,,,Importación - creado,CLIENTE AGREGADO,VioletaAvila,2025-10-13T17:58:22.790813
C-1033,Sofía Castillo,,,,,Importación - creado,CLIENTE AGREGADO,VioletaAvila,2025-10-13T17:58:23.114442
C-1034,Miguel Castillo,,,,,Importación - creado,CLIENTE AGREGADO,VioletaAvila,2025-10-13T17:58:23.412585
C-1035,Santiago Rodríguez,,,,,Importación - creado,CLIENTE AGREGADO,VioletaAvila,2025-10-13T17:58:23.735465
C-1036,Elena Martínez,,,,,Importación - creado,CLIENTE AGREGADO,VioletaAvila,2025-10-13T17:58:24.026995
C-1037,Juan López,,,,,Importación - creado,CLIENTE AGREGADO,VioletaAvila,2025-10-13T17:58:24.412219
C-1038,Daniel López,,,,,Importación - creado,CLIENTE AGREGADO,VioletaAvila,2025-10-13T17:58:24.711703
C-1039,Juan Pérez,,,,,Importación - creado,CLIENTE AGREGADO,VioletaAvila,2025-10-13T17:58:25.001529
